<?xml version="1.0" encoding="utf-8"?>
<ApplicationInstallerManifest>
   <DefaultInstallationDirectory>/Applications/University_of_Bristol/MIA_MATLAB_Core/</DefaultInstallationDirectory>
   <ApplicationName>MIA_MATLAB_Core</ApplicationName>
   <ExecutableName>application/ </ExecutableName>
   <GUID>8b768497-cd0b-44ad-9bd3-939d839b2f1d</GUID>
   <ApplicationIcon>default_icon_48.png</ApplicationIcon>
   <Logo>default_logo.png</Logo>
   <Version>1.5</Version>
   <AuthorOrganization>University of Bristol</AuthorOrganization>
   <WelcomePanelText>MIA_MATLAB_Core 1.5
Stephen Cross
stephen.cross@bristol.ac.uk</WelcomePanelText>
   <MCRProducts>
      <MCRProduct>
         <ExternalProductIdentifier>35002</ExternalProductIdentifier>
      </MCRProduct>
      <MCRProduct>
         <ExternalProductIdentifier>35003</ExternalProductIdentifier>
      </MCRProduct>
      <MCRProduct>
         <ExternalProductIdentifier>35010</ExternalProductIdentifier>
      </MCRProduct>
      <MCRProduct>
         <ExternalProductIdentifier>35053</ExternalProductIdentifier>
      </MCRProduct>
      <MCRProduct>
         <ExternalProductIdentifier>35117</ExternalProductIdentifier>
      </MCRProduct>
   </MCRProducts>
</ApplicationInstallerManifest>